Id,First_name,Last_name,Gender,Phone_number
1,Chris,Martin,M,01123147789
2,Emma,Law,F,01123439899
3,Mark,Watkins,M,01174592013
4,Daniel,Williams,M,NULL
5,Sarah,Taylor,F,01176348290
6,Katie,Armstrong,F,01145787353
7,Michael,Bluth,M,01980289282
8,Kat,Nash,F,01176987789
9,Buster,Bluth,M,01173456782
10,Charlie,NULL,F,01139287883
11,Lindsay,Bluth,F,01176923804
12,Harry,Johnson,M,NULL
13,John,Smith,M,01174987221
14,John,Taylor,M,NULL
15,Emma,Smith,F,01176984116
16,Gob,Bluth,M,01176985498
17,George,Bluth,M,01176984303
18,Lucille,Bluth,F,01198773214
19,George,Evans,M,01174502933
20,Emily,Simmonds,F,01899284352
21,John,Smith,M,01144473330
22,Jennifer,NULL,F,NULL
23,Toby,West,M,01176009822
24,Paul,Edmonds,M,01966947113
